,open,high,low,close,volume
2025-10-10 09:30:01.073795,17504.156769433503,17515.153941252236,17501.3616318239,17508.692497677697,1226
2025-10-10 09:35:01.073795,17504.959915669908,17527.918342529123,17493.35506575053,17506.271670545084,1621
2025-10-10 09:40:01.073795,17525.085031849696,17525.085031849696,17508.76609802735,17517.61028205097,1842
2025-10-10 09:45:01.073795,17530.506349118492,17562.24416051378,17525.61901879306,17544.290125523454,1171
2025-10-10 09:50:01.073795,17532.08703929701,17558.866478438766,17531.67611722234,17540.182070783438,1065
2025-10-10 09:55:01.073795,17525.955126994162,17536.779205998864,17524.77925695054,17536.07526592905,991
2025-10-10 10:00:01.073795,17567.056133090493,17567.97540942998,17532.486430788962,17563.768460722706,1518
2025-10-10 10:05:01.073795,17562.725897941767,17604.99042298647,17559.72502281763,17577.247506614265,1305
2025-10-10 10:10:01.073795,17566.594092893476,17589.615856986682,17542.80219369048,17568.995439134673,691
2025-10-10 10:15:01.073795,17583.657694595633,17588.504399292524,17565.76276967548,17578.527674065892,1356
2025-10-10 10:20:01.073795,17574.09848118088,17582.89498395899,17535.71457482704,17570.381473328136,855
2025-10-10 10:25:01.073795,17553.275342330093,17565.773471854896,17553.275342330093,17562.198423894428,741
2025-10-10 10:30:01.073795,17554.972481933357,17573.002453102137,17554.972481933357,17566.44781331877,1845
2025-10-10 10:35:01.073795,17529.696279865966,17535.65172632262,17514.445929014488,17532.838275748734,1973
2025-10-10 10:40:01.073795,17519.02947260404,17519.02947260404,17488.668559061334,17502.59557035233,1798
2025-10-10 10:45:01.073795,17481.23991413742,17521.339760737857,17481.23991413742,17492.75407913377,1502
2025-10-10 10:50:01.073795,17477.539742200246,17507.51863278062,17455.57796925172,17475.036873422065,919
2025-10-10 10:55:01.073795,17474.363996930562,17507.43064322511,17473.989110045168,17480.52835714654,1138
2025-10-10 11:00:01.073795,17451.20213212121,17482.386097447637,17451.20213212121,17464.65561654542,1415
2025-10-10 11:05:01.073795,17427.9343970459,17450.057646826328,17419.71664098285,17439.990218775627,1221
2025-10-10 11:10:01.073795,17459.84352630613,17484.155054889085,17459.84352630613,17465.55111896978,701
2025-10-10 11:15:01.073795,17455.40383647565,17463.82106921109,17427.035216798322,17461.607811452177,1714
2025-10-10 11:20:01.073795,17471.87556983656,17471.87556983656,17438.98508877356,17462.78696247865,1393
2025-10-10 11:25:01.073795,17432.636046235806,17454.353491761103,17423.54360140014,17437.906888427628,1894
2025-10-10 11:30:01.073795,17415.318186110737,17457.366750985057,17394.776216138405,17428.41399316569,1596
2025-10-10 11:35:01.073795,17415.234956837514,17463.05839788495,17415.234956837514,17430.347197980347,1611
2025-10-10 11:40:01.073795,17397.7416491418,17430.2884615312,17380.972022487265,17410.28498030323,1692
2025-10-10 11:45:01.073795,17405.131141516595,17423.84940576531,17405.131141516595,17416.82598986916,1721
2025-10-10 11:50:01.073795,17401.450274148472,17429.52210125935,17388.15543515951,17406.364770324064,1815
2025-10-10 11:55:01.073795,17399.16918061157,17414.945542753278,17372.867679370658,17401.287442513938,1065
2025-10-10 12:00:01.073795,17399.429231621263,17406.90973173766,17380.334557899994,17390.816972798475,1254
2025-10-10 12:05:01.073795,17418.983670313453,17431.121301011768,17391.6829748462,17423.029603687977,1315
2025-10-10 12:10:01.073795,17409.445027768325,17454.380995653726,17401.04250057148,17422.7944411418,1909
2025-10-10 12:15:01.073795,17391.809679184687,17426.21588264424,17391.809679184687,17404.366161048452,1691
2025-10-10 12:20:01.073795,17432.404213201942,17440.28373422939,17400.097655605437,17418.682033882604,1682
2025-10-10 12:25:01.073795,17388.66526812943,17402.694048655387,17386.570229210305,17397.416546530676,1615
2025-10-10 12:30:01.073795,17410.184347043963,17410.184347043963,17381.216875426388,17401.05023349438,1815
2025-10-10 12:35:01.073795,17353.425636981916,17378.8317484214,17338.424446272165,17366.949915227673,1769
2025-10-10 12:40:01.073795,17354.19588694215,17354.19588694215,17330.10236577094,17343.88337463835,724
2025-10-10 12:45:01.073795,17354.931791568637,17355.251497362675,17322.23945229853,17347.297712954252,1461
2025-10-10 12:50:01.073795,17351.490522226468,17384.202152609498,17341.264602544805,17360.1081125685,1018
2025-10-10 12:55:01.073795,17365.978961779194,17369.389276946564,17331.53607930791,17363.083084457023,1101
2025-10-10 13:00:01.073795,17349.03868909194,17377.116908604465,17328.18335937117,17361.075073721342,1379
2025-10-10 13:05:01.073795,17339.12037744782,17373.407843473546,17334.622976820487,17355.84758985724,1808
2025-10-10 13:10:01.073795,17337.002578474927,17362.494155048353,17310.598860497354,17330.18658753417,1883
2025-10-10 13:15:01.073795,17320.353832721186,17342.207062425212,17312.428298797186,17317.71155308873,1410
2025-10-10 13:20:01.073795,17324.771898989737,17324.771898989737,17284.23903556782,17309.73434372308,1888
2025-10-10 13:25:01.073795,17344.83553707175,17344.83553707175,17324.10846347169,17328.032848627776,1758
2025-10-10 13:30:01.073795,17346.810635156908,17346.810635156908,17302.063355049137,17333.987077636808,1278
2025-10-10 13:35:01.073795,17288.018263795613,17323.88874452748,17288.018263795613,17303.426562366396,1002
2025-10-10 13:40:01.073795,17303.270388426005,17336.827561331167,17303.270388426005,17309.034325530858,1097
2025-10-10 13:45:01.073795,17297.051766536988,17320.965357080368,17270.537560658624,17302.36892312098,1020
2025-10-10 13:50:01.073795,17281.133042084934,17316.160330539966,17275.018278719028,17290.656568939507,1178
2025-10-10 13:55:01.073795,17301.176374493407,17306.10685379852,17295.129428929446,17301.232853581216,1128
2025-10-10 14:00:01.073795,17321.861847018263,17350.75897755334,17306.517765477307,17319.07041639185,1448
2025-10-10 14:05:01.073795,17324.036700974324,17335.65331238216,17312.194217148728,17335.199322352208,1941
2025-10-10 14:10:01.073795,17306.28729167504,17325.801189855512,17306.28729167504,17320.651319312332,1995
2025-10-10 14:15:01.073795,17300.30316206918,17332.686869631445,17294.677024473327,17315.295559566595,1624
2025-10-10 14:20:01.073795,17310.81691264836,17328.30304656269,17289.921030546317,17321.031483789426,786
2025-10-10 14:25:01.073795,17340.177353570878,17340.177353570878,17321.55960535957,17337.928931650167,598
2025-10-10 14:30:01.073795,17330.466391017686,17356.50024217958,17313.910395310326,17329.62104276853,1161
2025-10-10 14:35:01.073795,17314.456749741985,17340.291208175666,17307.010534509394,17326.40364305976,772
2025-10-10 14:40:01.073795,17302.84950590615,17337.065088979303,17274.48555176407,17307.234836735697,906
2025-10-10 14:45:01.073795,17270.122960060904,17308.796844956265,17270.122960060904,17286.531807779473,734
2025-10-10 14:50:01.073795,17284.214536331492,17325.351027406687,17277.778031724967,17300.577561252932,832
2025-10-10 14:55:01.073795,17307.40018810193,17332.047595696502,17300.7615017843,17324.0412970589,656
2025-10-10 15:00:01.073795,17328.085769396148,17350.507353532466,17316.60800601243,17322.793790738837,857
2025-10-10 15:05:01.073795,17347.88608041909,17347.88608041909,17331.74448614304,17340.177784191244,1783
2025-10-10 15:10:01.073795,17352.2799775284,17375.25134960205,17332.669169782523,17346.448617158738,807
2025-10-10 15:15:01.073795,17318.373605802288,17345.42166360313,17304.181655001878,17335.258080483567,628
2025-10-10 15:20:01.073795,17330.474177136755,17348.733095110307,17330.474177136755,17341.522966574208,1374
2025-10-10 15:25:01.073795,17379.221706291573,17382.833630444504,17337.186670561634,17368.194863015007,1012
2025-10-10 15:30:01.073795,17370.709037330962,17376.583740030343,17354.383958435235,17367.572629386577,902
2025-10-10 15:35:01.073795,17396.557386771914,17416.460516017934,17380.50346775303,17394.74669171804,1154
2025-10-10 15:40:01.073795,17358.32357633934,17359.39436633576,17316.267120848195,17349.17688923553,710
2025-10-10 15:45:01.073795,17377.137786024832,17393.595397788904,17346.50926012361,17363.43622116964,1699
2025-10-10 15:50:01.073795,17356.913846294734,17379.715277883875,17356.913846294734,17364.94765738723,1312
2025-10-10 15:55:01.073795,17347.234029708536,17381.74946430521,17347.234029708536,17359.755410397218,1752
2025-10-13 09:30:01.073795,17349.94817445302,17395.529453395444,17343.09497427059,17361.348355034144,908
2025-10-13 09:35:01.073795,17313.595145943767,17327.47878340257,17295.157657757194,17326.84147872812,1364
2025-10-13 09:40:01.073795,17328.281380202854,17332.530195251846,17303.83516859582,17323.035258750228,1744
2025-10-13 09:45:01.073795,17316.636553701584,17336.375772312556,17316.636553701584,17329.22153241787,1850
2025-10-13 09:50:01.073795,17358.32119223006,17385.164717185144,17334.09627733372,17354.832285720637,1497
2025-10-13 09:55:01.073795,17343.019806405347,17351.921716508925,17314.115310423815,17345.837793003815,1074
2025-10-13 10:00:01.073795,17320.245965085913,17349.80136419621,17320.245965085913,17331.81379411135,1607
2025-10-13 10:05:01.073795,17314.294739906494,17325.986096557823,17302.220484815796,17323.117434462056,1083
2025-10-13 10:10:01.073795,17346.5711158176,17348.986359846323,17326.641052131235,17338.975052846763,945
2025-10-13 10:15:01.073795,17350.352906561075,17364.323469239316,17328.161380868547,17344.675260135748,1905
2025-10-13 10:20:01.073795,17319.23240434305,17360.88572919233,17319.23240434305,17335.486741435663,893
2025-10-13 10:25:01.073795,17344.2584318059,17365.027003071104,17342.600584054446,17344.38448221721,1395
2025-10-13 10:30:01.073795,17332.420285469798,17357.66386723055,17319.323641182724,17346.068232557696,612
2025-10-13 10:35:01.073795,17369.412827446577,17388.15730867935,17345.664111626855,17362.870414656605,1152
2025-10-13 10:40:01.073795,17361.070896422996,17361.070896422996,17322.256792119584,17350.680757763403,1542
2025-10-13 10:45:01.073795,17340.172782170644,17354.436308875083,17324.5204998259,17344.99559646138,637
2025-10-13 10:50:01.073795,17353.807087879424,17370.00360461715,17333.450106208624,17338.194482271967,1169
2025-10-13 10:55:01.073795,17325.733263558624,17325.733263558624,17294.056108597302,17312.81977547354,1598
2025-10-13 11:00:01.073795,17324.60612295899,17345.882418000827,17295.128902325287,17317.946452462224,1773
2025-10-13 11:05:01.073795,17312.80871297947,17331.117125572386,17305.511297738238,17322.467393686966,1981
2025-10-13 11:10:01.073795,17329.678146237384,17355.263012876963,17321.19002507952,17322.555971372927,1887
2025-10-13 11:15:01.073795,17332.88358440871,17332.88358440871,17298.820412394878,17318.492322624872,550
2025-10-13 11:20:01.073795,17308.659234124556,17318.102579929924,17283.695539582033,17293.980235295003,1956
2025-10-13 11:25:01.073795,17299.22265284408,17319.352117013943,17270.310400284423,17286.70560339703,1766
2025-10-13 11:30:01.073795,17264.779458921756,17291.809809360693,17252.132584562216,17280.78119844382,1394
2025-10-13 11:35:01.073795,17252.307792398187,17274.86030760077,17252.307792398187,17266.917220493913,1544
2025-10-13 11:40:01.073795,17249.12482217842,17275.867606150776,17239.10737458158,17264.132313461727,972
2025-10-13 11:45:01.073795,17264.847210757882,17289.74312555958,17243.79457071577,17271.107900915144,1438
2025-10-13 11:50:01.073795,17294.4428511831,17334.34577985539,17282.371016626334,17303.684421136135,536
2025-10-13 11:55:01.073795,17319.67496333585,17336.822350032533,17305.969053667006,17306.70526051631,1293
2025-10-13 12:00:01.073795,17328.40224593052,17343.675316478322,17283.50687625029,17311.16260921828,1026
2025-10-13 12:05:01.073795,17309.177162916607,17336.433728887325,17295.959117031733,17309.87386386486,1441
2025-10-13 12:10:01.073795,17285.929913365686,17306.84862136538,17242.656824789763,17276.66017615442,1126
2025-10-13 12:15:01.073795,17267.17622729006,17290.761002397667,17250.71686311578,17276.20210493833,665
2025-10-13 12:20:01.073795,17270.204186158942,17289.496440354338,17267.317258700972,17277.242654218095,850
2025-10-13 12:25:01.073795,17336.69519507216,17336.69519507216,17319.18153993748,17319.800685911592,1141
2025-10-13 12:30:01.073795,17306.7113366903,17329.77939330952,17292.930850094494,17316.469032341833,1924
2025-10-13 12:35:01.073795,17318.835486926826,17348.93241790977,17318.593268090597,17321.69076755714,1818
2025-10-13 12:40:01.073795,17325.018318662213,17353.81707684148,17304.89769419777,17321.089501016308,750
2025-10-13 12:45:01.073795,17316.165993257255,17335.14283708595,17292.83049093692,17300.846724128827,1474
2025-10-13 12:50:01.073795,17311.288595577786,17341.67128085279,17302.85836223114,17320.618526475588,764
2025-10-13 12:55:01.073795,17343.3349063031,17343.3349063031,17327.17916333411,17333.642471692212,1025
2025-10-13 13:00:01.073795,17360.66927581064,17360.66927581064,17313.731203993968,17347.35393664594,1891
2025-10-13 13:05:01.073795,17327.981891419393,17366.065116600497,17325.550712287048,17331.57847060207,1637
2025-10-13 13:10:01.073795,17366.854240932884,17380.051226395077,17350.549109094667,17355.891110280172,836
2025-10-13 13:15:01.073795,17334.782324132517,17339.31895305164,17312.947526233536,17331.56073588152,1370
2025-10-13 13:20:01.073795,17333.602082815327,17344.904965656366,17311.29850320694,17341.731885246005,694
2025-10-13 13:25:01.073795,17392.305531281443,17410.61056173657,17346.500271981393,17379.71817941533,1714
2025-10-13 13:30:01.073795,17348.161050049774,17385.25621886498,17343.374411807683,17362.502937238085,1112
2025-10-13 13:35:01.073795,17360.424462517098,17365.60487338221,17343.65574755566,17352.670591244503,1243
2025-10-13 13:40:01.073795,17360.76050026278,17360.76050026278,17346.757513921308,17354.39980855684,614
2025-10-13 13:45:01.073795,17344.98881341423,17375.191786102732,17328.485001877372,17345.66229076143,1388
2025-10-13 13:50:01.073795,17324.931046386606,17347.329918268002,17306.717754681973,17318.765006559523,1348
2025-10-13 13:55:01.073795,17330.255241701245,17330.255241701245,17289.516773469273,17319.95243260834,1487
2025-10-13 14:00:01.073795,17308.763389146898,17330.98615320237,17271.542308984594,17301.553382817623,1755
2025-10-13 14:05:01.073795,17313.853533497873,17333.893376993587,17286.201137806915,17309.747267537954,1629
2025-10-13 14:10:01.073795,17306.69346560807,17306.69346560807,17263.36500409577,17293.832266411715,543
2025-10-13 14:15:01.073795,17314.924879230115,17349.243915659295,17314.924879230115,17320.63657203603,1615
2025-10-13 14:20:01.073795,17318.566665434213,17318.566665434213,17278.756901120574,17307.070126415623,1261
2025-10-13 14:25:01.073795,17305.542206434075,17305.542206434075,17291.563806837385,17301.49618516963,1971
2025-10-13 14:30:01.073795,17320.21202080243,17337.451674490323,17306.573955364576,17315.571250202524,1309
2025-10-13 14:35:01.073795,17303.286699282733,17321.231826564683,17290.557829866102,17294.25813143198,1311
2025-10-13 14:40:01.073795,17302.78012016602,17331.507923183242,17286.364341600904,17298.19188225558,1898
2025-10-13 14:45:01.073795,17327.311751634858,17327.311751634858,17288.335988284063,17320.803088436656,601
2025-10-13 14:50:01.073795,17277.99661021465,17303.369289825274,17268.46740439266,17292.960187862856,1373
2025-10-13 14:55:01.073795,17280.43922320959,17308.117946411356,17274.67415417018,17296.153053827788,1807
2025-10-13 15:00:01.073795,17309.28630335343,17334.332006439832,17267.123596903395,17300.648026413164,695
2025-10-13 15:05:01.073795,17297.625996712428,17340.431470665244,17297.625996712428,17314.174068736782,985
2025-10-13 15:10:01.073795,17299.096653733828,17309.65726499919,17266.112351834887,17292.75728881419,1168
2025-10-13 15:15:01.073795,17267.373266647952,17279.373975982908,17235.482426508985,17269.922953093715,1177
2025-10-13 15:20:01.073795,17285.630089611994,17285.630089611994,17251.46991572667,17278.936843717936,831
2025-10-13 15:25:01.073795,17289.40958792984,17289.40958792984,17260.544830132385,17284.068423130288,909
2025-10-13 15:30:01.073795,17286.05831292011,17321.275774032387,17283.174860799354,17288.397958695172,1915
2025-10-13 15:35:01.073795,17290.84540888682,17308.90534693385,17272.301662886286,17294.387493213035,911
2025-10-13 15:40:01.073795,17296.24902115659,17316.63831927327,17268.478148370436,17282.626882173092,844
2025-10-13 15:45:01.073795,17291.8844560372,17294.00856512109,17285.564428745958,17286.640836163133,1052
2025-10-13 15:50:01.073795,17307.898801967658,17321.599534075747,17275.34186056525,17291.70707474801,778
2025-10-13 15:55:01.073795,17288.71742858868,17309.373214952047,17252.51653429254,17279.35471927907,1767
2025-10-14 09:30:01.073795,17298.826620884436,17337.943175744764,17289.912354834218,17311.594098883328,548
2025-10-14 09:35:01.073795,17330.068833388043,17351.694697484614,17298.436385666635,17319.79690208084,1222
2025-10-14 09:40:01.073795,17305.58401604721,17305.58401604721,17294.83254841921,17299.16376746055,1145
2025-10-14 09:45:01.073795,17295.43405464634,17317.463971082525,17293.50207982288,17310.521595858427,1372
2025-10-14 09:50:01.073795,17287.090280186127,17302.95310298319,17266.063932915804,17293.64934775687,1182
2025-10-14 09:55:01.073795,17303.53962876284,17307.66315233329,17303.53962876284,17307.260912901012,1219
2025-10-14 10:00:01.073795,17334.07005323118,17348.106516601474,17317.205571279213,17327.313028879427,1790
2025-10-14 10:05:01.073795,17312.41783938955,17340.096074548586,17311.720960651564,17313.09280945208,657
2025-10-14 10:10:01.073795,17317.3808884488,17338.160999582968,17295.574554559484,17329.771829788097,1248
2025-10-14 10:15:01.073795,17338.993478598844,17358.35906855918,17312.56806372687,17336.925229067594,514
2025-10-14 10:20:01.073795,17336.87522176815,17362.506200627842,17333.211411644003,17351.177224595212,1025
2025-10-14 10:25:01.073795,17380.5050259529,17385.243227379986,17380.5050259529,17384.088815795607,699
2025-10-14 10:30:01.073795,17390.27125422617,17399.55048593132,17355.857408781576,17379.822966992673,800
2025-10-14 10:35:01.073795,17371.461858642877,17372.540413174724,17363.091164422032,17366.72316589232,1559
2025-10-14 10:40:01.073795,17335.727475917738,17352.37133482465,17318.786262352416,17351.275215040947,1311
2025-10-14 10:45:01.073795,17344.54316787161,17361.70600069956,17306.91967406685,17337.11986626325,1702
2025-10-14 10:50:01.073795,17321.225068747746,17347.55241453793,17307.53188173974,17335.783144685243,1842
2025-10-14 10:55:01.073795,17340.04351758857,17360.6896437817,17313.35062030924,17341.697281340046,1465
2025-10-14 11:00:01.073795,17331.98106209639,17364.758052273883,17321.11454062703,17346.49556942256,590
2025-10-14 11:05:01.073795,17373.753253212868,17373.753253212868,17355.304639286394,17360.844299987068,828
2025-10-14 11:10:01.073795,17350.032477557477,17394.954153887717,17349.372280944233,17361.070023807562,1684
2025-10-14 11:15:01.073795,17388.230065860378,17409.209919193247,17368.981365420233,17386.30493070308,1578
2025-10-14 11:20:01.073795,17398.208954259913,17398.208954259913,17347.067564814224,17381.703526298414,1475
2025-10-14 11:25:01.073795,17414.07240552413,17435.94034494206,17405.27332503337,17428.984700293455,545
2025-10-14 11:30:01.073795,17452.734710486453,17452.734710486453,17423.753260482838,17439.889446925125,1590
2025-10-14 11:35:01.073795,17419.571566660718,17450.82394810211,17410.112321648794,17424.94071390263,1056
2025-10-14 11:40:01.073795,17419.057781942734,17440.663086248966,17404.8841719422,17406.28047561295,1368
2025-10-14 11:45:01.073795,17414.214213595427,17429.95521883771,17389.418267785422,17414.67852579442,1810
2025-10-14 11:50:01.073795,17403.015785855194,17442.150849822898,17396.102006768735,17410.786993225494,1388
2025-10-14 11:55:01.073795,17427.503251000173,17455.010915227213,17415.87747712641,17423.21830374119,1447
2025-10-14 12:00:01.073795,17438.987916226633,17457.022092151907,17426.876791548326,17431.46362618368,1863
2025-10-14 12:05:01.073795,17446.62712762661,17446.62712762661,17421.91325911507,17430.194111641766,771
2025-10-14 12:10:01.073795,17406.630171513127,17445.193307740254,17398.287867398427,17415.434332763314,1806
2025-10-14 12:15:01.073795,17384.157013707038,17404.539483411485,17371.14823829317,17389.05261039763,1389
2025-10-14 12:20:01.073795,17397.60612006526,17397.60612006526,17367.693136656497,17381.288138404805,887
2025-10-14 12:25:01.073795,17405.688224468468,17419.022862468424,17384.859327085687,17396.173452610325,696
2025-10-14 12:30:01.073795,17390.712474560012,17433.647438780787,17384.106081174206,17399.89786451833,610
2025-10-14 12:35:01.073795,17372.556946987665,17384.122318171118,17360.156642724804,17378.22213700287,1743
2025-10-14 12:40:01.073795,17385.303961914706,17396.210425384736,17372.585792797552,17381.231713602203,1560
2025-10-14 12:45:01.073795,17371.816355594296,17393.738029933185,17371.816355594296,17387.929004262547,1604
2025-10-14 12:50:01.073795,17384.518797843164,17395.624522616134,17356.069446652553,17372.560553911993,1708
2025-10-14 12:55:01.073795,17365.008998681315,17395.57248739887,17345.058324219484,17375.231152623688,667
2025-10-14 13:00:01.073795,17377.32576111875,17385.617011912746,17374.258632446985,17376.242542561784,1904
2025-10-14 13:05:01.073795,17354.72270959628,17357.747736490943,17352.14324081736,17356.382013447736,1900
2025-10-14 13:10:01.073795,17346.67294081821,17373.570486413108,17344.978085584396,17362.59190755352,722
2025-10-14 13:15:01.073795,17355.127889796437,17406.60870579971,17338.79586220571,17372.32858043292,1927
2025-10-14 13:20:01.073795,17389.569451149473,17413.373755862172,17360.955518934756,17391.143702498808,1273
2025-10-14 13:25:01.073795,17396.92356370135,17426.491645680606,17386.251018147326,17409.470525419736,544
2025-10-14 13:30:01.073795,17375.1191858778,17396.193054560736,17360.983596050537,17385.486031164513,1510
2025-10-14 13:35:01.073795,17375.177402066387,17402.874643743984,17365.919529884774,17369.18148703339,1165
2025-10-14 13:40:01.073795,17384.82218467219,17408.30060115902,17371.97016490288,17378.127228061763,1757
2025-10-14 13:45:01.073795,17386.95762061267,17419.903986095735,17363.296522408724,17387.055865684706,1426
2025-10-14 13:50:01.073795,17379.672244802645,17426.24198996556,17376.15836168891,17396.01102858,1896
2025-10-14 13:55:01.073795,17453.102839581836,17487.115645156257,17439.405236665567,17463.033188081587,1488
2025-10-14 14:00:01.073795,17459.254665954493,17486.766655638246,17450.24467692589,17473.002668016583,1486
2025-10-14 14:05:01.073795,17509.53867699877,17527.80958708837,17491.157678088264,17492.844409477166,1110
2025-10-14 14:10:01.073795,17511.879460707132,17540.025585766998,17482.13420559281,17509.53261389232,1607
2025-10-14 14:15:01.073795,17514.877087687953,17551.72300391379,17506.776335075956,17520.938170251462,1501
2025-10-14 14:20:01.073795,17525.847016231182,17543.713870129082,17488.71087732108,17515.41435730914,1153
2025-10-14 14:25:01.073795,17530.267690506775,17557.379172054938,17524.493798825173,17528.708017690522,508
2025-10-14 14:30:01.073795,17511.524286029846,17526.531736547506,17502.324124303068,17515.161390156183,1543
2025-10-14 14:35:01.073795,17501.82173751774,17524.621566332524,17495.299313896023,17511.01347403894,1059
2025-10-14 14:40:01.073795,17506.135487376094,17510.46984620009,17499.952041013097,17502.514266413098,1502
2025-10-14 14:45:01.073795,17499.738822976138,17525.634322407048,17487.721319100747,17503.94726970576,1795
2025-10-14 14:50:01.073795,17527.818220819023,17562.676953479357,17527.648953825428,17544.462931204187,1011
2025-10-14 14:55:01.073795,17514.510675649984,17525.01851158845,17497.734634259083,17511.702766250033,1300
2025-10-14 15:00:01.073795,17534.689699842234,17545.02586841597,17496.913149971755,17523.720350724183,1577
2025-10-14 15:05:01.073795,17484.81456088946,17528.894221171486,17484.81456088946,17495.45956879228,511
2025-10-14 15:10:01.073795,17478.231349658705,17509.84794731829,17455.794819068335,17487.20290391514,1890
2025-10-14 15:15:01.073795,17501.05054459817,17508.355715429283,17473.528670783762,17506.245603956646,652
2025-10-14 15:20:01.073795,17499.838285963895,17524.383579959776,17498.37994053638,17507.37090575836,960
2025-10-14 15:25:01.073795,17481.90253666642,17516.589868917694,17469.644181596763,17488.502428189404,1415
2025-10-14 15:30:01.073795,17472.971206968035,17501.023725639756,17466.464087364802,17475.99283753312,682
2025-10-14 15:35:01.073795,17476.727553730376,17494.205315289062,17464.046882660645,17487.869482925904,1287
2025-10-14 15:40:01.073795,17477.449501720468,17499.87823089383,17471.361557415155,17475.09692659575,884
2025-10-14 15:45:01.073795,17489.57637527772,17512.541327186773,17461.97588918635,17478.87956142929,1325
2025-10-14 15:50:01.073795,17495.456874560354,17495.456874560354,17457.54154418729,17479.67610613036,1402
2025-10-14 15:55:01.073795,17458.786382291408,17496.90599423466,17437.39519972718,17468.286343103566,818
2025-10-15 09:30:01.073795,17517.63641778153,17527.128717820164,17491.346659469506,17505.737372359505,1850
2025-10-15 09:35:01.073795,17526.662430378427,17529.216239964786,17508.536147476872,17516.834592279545,912
2025-10-15 09:40:01.073795,17487.21850494732,17510.12133947959,17466.545462220067,17481.360504563283,643
2025-10-15 09:45:01.073795,17487.64861178869,17506.43586608287,17468.822007293773,17484.619979657396,752
2025-10-15 09:50:01.073795,17463.150056167302,17498.79975676267,17442.89750376881,17473.04889481324,643
2025-10-15 09:55:01.073795,17491.68921305721,17491.68921305721,17465.48998148965,17487.943504151703,1320
2025-10-15 10:00:01.073795,17477.385721076076,17482.19007230936,17460.42249787703,17474.08394625212,1245
2025-10-15 10:05:01.073795,17478.898194184218,17506.596365394038,17467.311259762668,17472.079032042235,1106
2025-10-15 10:10:01.073795,17487.630124776577,17495.87284088024,17455.813696956033,17480.902209690757,1986
2025-10-15 10:15:01.073795,17503.886471794634,17503.886471794634,17492.3933791489,17496.036391577578,1367
2025-10-15 10:20:01.073795,17460.554687981363,17484.617896974025,17460.554687981363,17475.03596195905,1841
2025-10-15 10:25:01.073795,17459.64035804818,17475.89407454155,17457.89246196524,17469.190540833406,1032
2025-10-15 10:30:01.073795,17445.79388862753,17463.318035363507,17442.767135102218,17460.89363069626,1700
2025-10-15 10:35:01.073795,17462.750287833078,17462.750287833078,17430.640057861085,17449.48591846047,1476
2025-10-15 10:40:01.073795,17474.45383665699,17498.92470303084,17468.953289824578,17480.29218736594,1504
2025-10-15 10:45:01.073795,17489.39234616308,17522.141154442317,17464.22373058266,17487.371386004077,1595
2025-10-15 10:50:01.073795,17467.497907897803,17481.571771500607,17463.2210292805,17465.32184001997,1936
2025-10-15 10:55:01.073795,17470.89642705471,17487.48165942234,17457.22815675349,17481.352594329986,1303
2025-10-15 11:00:01.073795,17527.42592439522,17527.42592439522,17502.6711529335,17518.450755070207,1021
2025-10-15 11:05:01.073795,17551.520386976237,17559.8584462691,17508.639070049005,17536.53794689349,851
2025-10-15 11:10:01.073795,17527.140125135233,17527.140125135233,17504.555881520802,17509.893457830167,1890
2025-10-15 11:15:01.073795,17502.148159303233,17520.314597980632,17471.94102327102,17501.414570805628,1435
2025-10-15 11:20:01.073795,17510.53971750566,17526.710867586848,17497.117213742386,17523.587308051916,1739
2025-10-15 11:25:01.073795,17494.941636312873,17538.57487961297,17486.36447936098,17511.186400385905,954
2025-10-15 11:30:01.073795,17504.51006615024,17528.177121351306,17504.51006615024,17518.958205120285,1905
2025-10-15 11:35:01.073795,17528.91663765045,17551.948094402986,17521.815759061057,17532.52898672658,1170
2025-10-15 11:40:01.073795,17530.969923776232,17537.317905442796,17498.211983398833,17516.277551364954,1245
2025-10-15 11:45:01.073795,17505.023875089595,17549.99065005952,17485.40907245681,17515.234888706833,1895
2025-10-15 11:50:01.073795,17454.29506220186,17462.526486889066,17429.920498388954,17458.46332990843,1816
2025-10-15 11:55:01.073795,17450.69569336581,17470.85791856356,17412.467484464392,17440.579095836583,957
2025-10-15 12:00:01.073795,17424.78919418313,17438.996006439655,17422.12129585435,17436.174161015122,1542
2025-10-15 12:05:01.073795,17419.32748938777,17426.471846474877,17380.438229241543,17414.4175961392,1733
2025-10-15 12:10:01.073795,17457.59326464268,17457.59326464268,17412.773118118264,17442.845088274524,1230
2025-10-15 12:15:01.073795,17406.572097636203,17439.018659069763,17391.256593490623,17417.899353764424,1253
2025-10-15 12:20:01.073795,17405.62218958796,17424.116336945954,17405.13789206798,17410.234703183956,602
2025-10-15 12:25:01.073795,17428.638921202044,17428.638921202044,17407.80375834591,17412.510927319738,1324
2025-10-15 12:30:01.073795,17431.044161541868,17471.29036899164,17422.52365805475,17437.607114214854,1259
2025-10-15 12:35:01.073795,17417.473410027684,17427.87516946201,17408.88932691715,17412.569114152415,824
2025-10-15 12:40:01.073795,17420.690405241035,17454.42511741079,17410.15310254322,17432.82278337789,592
2025-10-15 12:45:01.073795,17417.596112373387,17460.223209811076,17416.96977186195,17433.00117451718,1992
2025-10-15 12:50:01.073795,17432.737931481723,17432.737931481723,17391.681218125832,17415.89053305066,858
2025-10-15 12:55:01.073795,17417.083033122184,17428.895565070048,17417.083033122184,17423.938476573374,651
2025-10-15 13:00:01.073795,17427.735286984105,17451.53203511947,17425.235711439556,17427.40688046221,1995
2025-10-15 13:05:01.073795,17410.197716024057,17445.30041025574,17395.51616845174,17416.946656727443,1435
2025-10-15 13:10:01.073795,17405.29770266011,17436.522583533835,17403.319216768632,17418.162395918243,1829
2025-10-15 13:15:01.073795,17406.845937965507,17427.113747808788,17404.673620481542,17411.45094111475,1121
2025-10-15 13:20:01.073795,17422.806485253386,17442.247985003803,17387.87796122875,17413.427442802556,516
2025-10-15 13:25:01.073795,17408.201299066102,17439.46033864727,17408.182604580023,17424.957407260983,889
2025-10-15 13:30:01.073795,17453.826189483767,17479.131741457644,17447.80784276142,17452.593682729515,822
2025-10-15 13:35:01.073795,17447.580493663725,17447.580493663725,17422.581831098025,17430.990591774305,1702
2025-10-15 13:40:01.073795,17454.537086454766,17501.695575195492,17451.1276402703,17468.17147645988,1321
2025-10-15 13:45:01.073795,17420.05795753348,17449.915366437956,17404.630907570674,17434.072072040715,1232
2025-10-15 13:50:01.073795,17439.700784338456,17439.700784338456,17420.106711071327,17431.425839754404,1214
2025-10-15 13:55:01.073795,17440.266414447677,17454.79329466751,17427.92038864624,17441.681047509494,1677
2025-10-15 14:00:01.073795,17456.59298496259,17477.70967542875,17413.24736811793,17446.582018043475,973
2025-10-15 14:05:01.073795,17427.16305207656,17459.714285215778,17420.4581904296,17435.71803979833,1761
2025-10-15 14:10:01.073795,17430.746222371465,17433.428982014837,17400.6500878128,17432.08927892329,1455
2025-10-15 14:15:01.073795,17428.257769729822,17446.471742469228,17392.30308322216,17423.49524261572,1420
2025-10-15 14:20:01.073795,17401.04307576193,17415.547702728025,17395.172136019155,17413.226448576937,1606
2025-10-15 14:25:01.073795,17412.045293875115,17445.87479082519,17404.3107145653,17428.02076228355,627
2025-10-15 14:30:01.073795,17419.29320694088,17459.219947378,17419.29320694088,17434.24283558541,518
2025-10-15 14:35:01.073795,17417.04912582853,17455.491126988323,17396.4645004987,17422.16248143853,944
2025-10-15 14:40:01.073795,17443.463364963376,17450.031591394534,17410.81889501133,17437.83545663661,777
2025-10-15 14:45:01.073795,17448.786478025013,17449.26814097757,17439.76142628543,17443.19409511756,1646
2025-10-15 14:50:01.073795,17442.784636721666,17466.627035555834,17442.784636721666,17457.37300682904,1951
2025-10-15 14:55:01.073795,17472.72000974257,17478.686546605408,17441.490531456613,17468.364672378357,1072
2025-10-15 15:00:01.073795,17457.898331102868,17461.063568233498,17449.646156417504,17453.88348521599,1661
2025-10-15 15:05:01.073795,17428.125647648532,17466.570818908967,17425.60485720118,17444.106150609765,1952
2025-10-15 15:10:01.073795,17473.89983999281,17485.028553736745,17446.918347820898,17457.142019583203,1402
2025-10-15 15:15:01.073795,17478.689202941587,17488.14462191097,17441.662958603887,17467.797339991404,1484
2025-10-15 15:20:01.073795,17482.387279140727,17482.387279140727,17455.61490570731,17467.432235183955,836
2025-10-15 15:25:01.073795,17467.364516460817,17482.484773283577,17454.385324951058,17469.481643301235,1419
2025-10-15 15:30:01.073795,17478.560540939903,17524.7939779919,17478.560540939903,17491.8017867445,796
2025-10-15 15:35:01.073795,17473.968815978245,17512.463611200696,17458.87471306271,17481.454137268276,1723
2025-10-15 15:40:01.073795,17505.673098290375,17521.15067160394,17461.405399645024,17491.01819504582,878
2025-10-15 15:45:01.073795,17499.443026512123,17513.889203415478,17471.374287677336,17487.481639683196,1592
2025-10-15 15:50:01.073795,17472.395482556934,17510.825253169296,17460.730703077585,17483.674943638456,1317
2025-10-15 15:55:01.073795,17486.894045270485,17537.354724565434,17470.071608771,17502.885600954196,747
2025-10-16 09:30:01.073795,17528.466271628036,17528.466271628036,17491.898305550218,17517.33276888369,820
2025-10-16 09:35:01.073795,17539.746047231445,17549.32008512398,17502.10557757629,17531.583287888207,1313
2025-10-16 09:40:01.073795,17547.362538889567,17575.196880440162,17536.622397981366,17554.470398326404,1347
2025-10-16 09:45:01.073795,17559.62425522488,17579.02565092757,17524.177023085198,17554.8391096426,1641
2025-10-16 09:50:01.073795,17549.57172724745,17572.434580548383,17549.57172724745,17566.810684334025,870
2025-10-16 09:55:01.073795,17547.282331351198,17586.875598786868,17526.52522317563,17561.360286959305,1102
2025-10-16 10:00:01.073795,17568.988449525867,17595.162867432584,17559.884479417087,17567.053089068264,1599
2025-10-16 10:05:01.073795,17559.68658645248,17586.40614076788,17558.161637868478,17564.766859123014,1675
2025-10-16 10:10:01.073795,17575.63994364487,17585.94217813432,17566.286838929595,17566.47057063439,552
2025-10-16 10:15:01.073795,17593.028425762954,17603.140793109975,17569.807407613185,17576.925379006632,1051
2025-10-16 10:20:01.073795,17555.715406241336,17574.027076629918,17555.715406241336,17562.54357511388,1814
2025-10-16 10:25:01.073795,17597.482384876457,17634.360774135548,17586.32724444774,17599.291217819118,1583
2025-10-16 10:30:01.073795,17577.77172441395,17612.74747965031,17560.732704995688,17581.586024951917,1118
2025-10-16 10:35:01.073795,17564.438698020458,17584.66910474783,17560.125636451725,17560.23866340567,1033
2025-10-16 10:40:01.073795,17583.676659946224,17608.500258820182,17577.305708839394,17580.575366743018,1221
2025-10-16 10:45:01.073795,17597.307800815688,17617.096036662042,17592.21112013823,17594.493252399276,1342
2025-10-16 10:50:01.073795,17611.687927784893,17625.215698102907,17584.224951070486,17605.47432430909,1707
2025-10-16 10:55:01.073795,17616.475187364587,17626.0432582467,17587.46761870243,17616.53664503924,615
2025-10-16 11:00:01.073795,17626.35857246068,17626.35857246068,17604.544800358603,17616.320899316597,1561
2025-10-16 11:05:01.073795,17598.409521563615,17628.27463674508,17582.3061752425,17600.51457838019,721
2025-10-16 11:10:01.073795,17587.365991563875,17613.40237604966,17586.56969111189,17601.848777611784,830
2025-10-16 11:15:01.073795,17607.4612747312,17610.974961038708,17564.048954967388,17589.92947956776,1899
2025-10-16 11:20:01.073795,17611.877138903154,17629.709162930292,17592.24786907571,17607.081766912714,1678
2025-10-16 11:25:01.073795,17616.456609160672,17616.456609160672,17590.06018044667,17604.49251557218,1075
2025-10-16 11:30:01.073795,17578.8599561412,17610.078477166062,17569.282377189797,17589.96005634962,1043
2025-10-16 11:35:01.073795,17567.573376141096,17596.071190552575,17567.573376141096,17584.306892232267,1747
2025-10-16 11:40:01.073795,17584.48654012968,17601.175493097693,17573.34036995256,17591.568005649704,1911
2025-10-16 11:45:01.073795,17594.757633359117,17594.757633359117,17566.54305440216,17581.6512068426,1762
2025-10-16 11:50:01.073795,17565.726136386183,17573.733774506647,17538.994831210795,17567.195214632597,1224
2025-10-16 11:55:01.073795,17579.48657562471,17579.48657562471,17568.64354030048,17571.476115448186,1244
2025-10-16 12:00:01.073795,17585.11373258776,17591.13652385706,17550.1371866441,17575.780539701504,738
2025-10-16 12:05:01.073795,17575.702364930654,17588.31011020217,17562.115122403182,17566.87061770508,1485
2025-10-16 12:10:01.073795,17543.04095437689,17592.18956795481,17543.04095437689,17558.5959487343,923
2025-10-16 12:15:01.073795,17576.940250432763,17576.940250432763,17553.99520532672,17562.67041982429,874
2025-10-16 12:20:01.073795,17535.47534308546,17546.77668604109,17510.60269537355,17537.238191794466,1665
2025-10-16 12:25:01.073795,17496.21992922753,17514.84462121736,17495.47792948541,17512.555164336904,593
2025-10-16 12:30:01.073795,17501.108092432645,17531.698632870422,17495.099789706735,17499.97337027972,1116
2025-10-16 12:35:01.073795,17479.505467448114,17508.392453851968,17464.7506539644,17496.2380508088,1495
2025-10-16 12:40:01.073795,17516.968015529103,17535.39980148198,17482.069997507573,17501.6777635883,578
2025-10-16 12:45:01.073795,17535.590401137008,17542.17977162354,17518.379141856214,17527.49897268386,1971
2025-10-16 12:50:01.073795,17531.939337213076,17551.531974302437,17519.57984361078,17542.531600848444,1347
2025-10-16 12:55:01.073795,17543.532951358295,17556.000371413604,17505.6284600725,17539.725874132368,1024
2025-10-16 13:00:01.073795,17529.756786791822,17543.39467652844,17529.756786791822,17539.39233505859,876
2025-10-16 13:05:01.073795,17522.628281347977,17551.61724268457,17502.14130267164,17521.80857920479,672
2025-10-16 13:10:01.073795,17506.334011651295,17551.626043665758,17496.154636799718,17521.48419557973,1561
2025-10-16 13:15:01.073795,17514.96562030714,17535.468162233017,17513.563395781315,17516.426467799974,1227
2025-10-16 13:20:01.073795,17534.343936186804,17534.343936186804,17488.938147798013,17522.07934373193,1503
2025-10-16 13:25:01.073795,17512.870898981546,17523.771894734477,17493.16649744557,17507.584537503415,1318
2025-10-16 13:30:01.073795,17527.411386919972,17527.411386919972,17498.722353743924,17516.67704050575,1188
2025-10-16 13:35:01.073795,17533.04726880586,17545.348536122096,17515.937349698313,17543.525533032232,887
2025-10-16 13:40:01.073795,17550.62516999973,17550.62516999973,17530.032483871626,17541.617496590803,1279
2025-10-16 13:45:01.073795,17561.986478958872,17561.986478958872,17517.854679484193,17548.66416996376,1805
2025-10-16 13:50:01.073795,17577.808863827693,17577.808863827693,17544.92704966632,17560.775275103213,1658
2025-10-16 13:55:01.073795,17552.463254848557,17554.683311689234,17551.44036504212,17553.729532560654,1863
2025-10-16 14:00:01.073795,17543.809271584032,17576.57988083472,17540.182342679596,17557.663191376636,1485
2025-10-16 14:05:01.073795,17567.562606480307,17586.753068835827,17544.525543565676,17557.884284508335,1946
2025-10-16 14:10:01.073795,17552.1237258323,17566.755384877975,17541.220352924076,17559.59927014402,1689
2025-10-16 14:15:01.073795,17556.47994700723,17566.29446399285,17523.756729511566,17546.025528107617,1093
2025-10-16 14:20:01.073795,17534.452223233005,17578.568758732647,17527.750049562343,17546.45558425086,1543
2025-10-16 14:25:01.073795,17567.73439122595,17583.045402455347,17544.07206396079,17555.19368914923,1859
2025-10-16 14:30:01.073795,17568.035732999466,17590.405128416412,17546.08686572322,17580.668796254842,803
2025-10-16 14:35:01.073795,17602.963755625817,17604.017224464333,17566.069391338064,17597.533418934156,728
2025-10-16 14:40:01.073795,17620.732544143106,17650.95469965235,17613.72203592367,17635.42411918728,1823
2025-10-16 14:45:01.073795,17638.354928642257,17650.213648282068,17604.086221450143,17621.891619468923,1126
2025-10-16 14:50:01.073795,17642.014024667104,17671.977585322966,17613.70299707594,17637.263559186642,748
2025-10-16 14:55:01.073795,17628.580469137156,17671.612498783725,17625.41494916879,17640.49721046332,518
2025-10-16 15:00:01.073795,17686.882383840624,17698.91840599228,17660.478493808314,17679.12642299821,1835
2025-10-16 15:05:01.073795,17653.79278167806,17667.64182407998,17638.992883743285,17664.836415423924,1787
2025-10-16 15:10:01.073795,17657.424438444046,17678.915813182266,17630.91284379604,17650.002866447343,971
2025-10-16 15:15:01.073795,17637.986507653743,17656.045844834553,17610.43718199433,17639.42358453713,1036
2025-10-16 15:20:01.073795,17596.15796572424,17619.357502959094,17572.801668962868,17601.959288206643,760
2025-10-16 15:25:01.073795,17578.653235686852,17617.757474907416,17563.64258770427,17592.70496971945,859
2025-10-16 15:30:01.073795,17577.60417775646,17584.341323303746,17567.116605222585,17579.349772771857,1623
2025-10-16 15:35:01.073795,17576.80251226082,17604.89054308513,17560.159273551842,17581.993597747973,1762
2025-10-16 15:40:01.073795,17592.720933613004,17604.580348740703,17553.561349226376,17588.00234912608,689
2025-10-16 15:45:01.073795,17627.56698948548,17644.830296499724,17609.543130251568,17621.00044625357,604
2025-10-16 15:50:01.073795,17628.12398875903,17643.91689452078,17607.56130910762,17637.747865130375,1755
2025-10-16 15:55:01.073795,17634.417390562834,17637.418502949688,17604.907688844443,17627.57258390933,1268
2025-10-17 09:30:01.073795,17595.29302264776,17622.489815977027,17595.29302264776,17611.73571407969,955
2025-10-17 09:35:01.073795,17633.48080689346,17643.41724282873,17587.332653455178,17620.39926452095,1649
2025-10-17 09:40:01.073795,17588.699698644723,17624.885058907093,17573.73256841852,17597.13622829097,1860
2025-10-17 09:45:01.073795,17615.648640684372,17653.013826718772,17609.604233185128,17629.364657690207,1170
2025-10-17 09:50:01.073795,17651.804134531314,17666.408229599205,17619.638070024397,17650.15743767031,1070
2025-10-17 09:55:01.073795,17639.14363143323,17676.34159489733,17637.969775496946,17641.87641354474,563
2025-10-17 10:00:01.073795,17603.905693230365,17637.715375907817,17579.315813644294,17611.653505902745,1787
2025-10-17 10:05:01.073795,17644.45492604774,17645.8042647565,17603.37366734494,17635.49743704776,1707
2025-10-17 10:10:01.073795,17641.47146556387,17641.47146556387,17599.522080421866,17633.47746990037,957
2025-10-17 10:15:01.073795,17668.466641013667,17684.59090662705,17645.36379100053,17655.30447594943,668
2025-10-17 10:20:01.073795,17612.93047181473,17651.96233287419,17608.092419137472,17627.15437016854,862
2025-10-17 10:25:01.073795,17609.58703763348,17617.026127733723,17600.072908857168,17616.58909411331,1397
2025-10-17 10:30:01.073795,17625.249984452134,17627.154157775196,17606.11431130808,17616.68147021658,572
2025-10-17 10:35:01.073795,17623.421713443895,17649.322633982836,17587.47957922575,17617.509112372216,1389
2025-10-17 10:40:01.073795,17594.751727318315,17641.006224420107,17594.751727318315,17609.58007982727,859
2025-10-17 10:45:01.073795,17623.46640924734,17648.55001531456,17619.326387376346,17620.548205588657,1993
2025-10-17 10:50:01.073795,17586.37479318611,17631.859622081247,17583.379449478973,17601.73614834745,1747
2025-10-17 10:55:01.073795,17584.93442408668,17620.313143306717,17584.93442408668,17599.230022219166,1864
2025-10-17 11:00:01.073795,17614.688211072018,17624.904784970884,17572.154003057633,17601.347132712333,1357
2025-10-17 11:05:01.073795,17603.954660874806,17628.626825692267,17595.24194979773,17610.40194920915,1151
2025-10-17 11:10:01.073795,17636.76859713199,17650.20983308812,17601.718459722644,17622.93377324533,1165
2025-10-17 11:15:01.073795,17606.342591396755,17624.48761460721,17580.888322136278,17603.11428014227,1553
2025-10-17 11:20:01.073795,17562.19671699168,17584.455406161032,17558.098369777053,17576.109093076026,1076
2025-10-17 11:25:01.073795,17614.4230809233,17615.730162157895,17575.60925734364,17598.56568028341,1400
2025-10-17 11:30:01.073795,17609.13557600584,17630.595000442485,17586.58889570933,17604.41393024971,606
2025-10-17 11:35:01.073795,17590.269511602146,17600.187388751772,17578.50637620479,17591.23726343895,568
2025-10-17 11:40:01.073795,17635.13936588382,17635.13936588382,17608.769826851254,17618.523945872017,997
2025-10-17 11:45:01.073795,17624.46597639937,17637.5496308518,17613.65125839034,17620.56196218624,921
2025-10-17 11:50:01.073795,17623.894758818777,17648.645094959553,17623.11577264133,17641.341841289868,511
2025-10-17 11:55:01.073795,17628.702120798232,17650.262815270286,17628.702120798232,17642.53295790103,1008
2025-10-17 12:00:01.073795,17679.337673745355,17707.26741860597,17658.66340126404,17678.889771083686,940
2025-10-17 12:05:01.073795,17695.297138356265,17742.92482019945,17695.297138356265,17709.92224834792,1425
2025-10-17 12:10:01.073795,17705.775576992048,17709.54424697257,17693.28840687241,17705.51311263573,1811
2025-10-17 12:15:01.073795,17740.18337988817,17740.209245884194,17697.823410528417,17722.71527484771,697
2025-10-17 12:20:01.073795,17731.38046694936,17743.897350911342,17720.158143987595,17734.153089047442,1116
2025-10-17 12:25:01.073795,17762.257063830264,17790.660093740546,17733.064420838662,17758.424610611222,964
2025-10-17 12:30:01.073795,17752.686033253423,17770.5192967937,17707.401080815947,17741.2890900815,502
2025-10-17 12:35:01.073795,17744.85390607216,17776.05718057423,17744.85390607216,17753.460527364005,589
2025-10-17 12:40:01.073795,17758.54837961944,17793.712833668797,17747.8467278506,17772.251224712487,1075
2025-10-17 12:45:01.073795,17727.54767798363,17757.18264348092,17727.54767798363,17740.994464720952,1128
2025-10-17 12:50:01.073795,17705.123859780422,17746.624035440116,17705.123859780422,17720.002281997415,1032
2025-10-17 12:55:01.073795,17690.186234685083,17717.1737877801,17660.221183513822,17683.867083153982,1042
2025-10-17 13:00:01.073795,17683.915040527645,17700.093708967157,17678.744708011945,17679.102928502372,1869
2025-10-17 13:05:01.073795,17699.71339972164,17713.463472300038,17660.87385056043,17691.788431898138,680
2025-10-17 13:10:01.073795,17719.571511357684,17750.34781428172,17716.01326206631,17718.36781501299,713
2025-10-17 13:15:01.073795,17712.417027170934,17720.095528393016,17704.724028956975,17719.68065358564,1229
2025-10-17 13:20:01.073795,17735.156919370373,17769.028110593626,17735.156919370373,17748.53920096063,1337
2025-10-17 13:25:01.073795,17729.4428640159,17736.209042947794,17698.19660956742,17724.0444161282,1768
2025-10-17 13:30:01.073795,17699.974482300662,17718.359323489996,17678.63931504105,17693.853590115414,913
2025-10-17 13:35:01.073795,17690.974752123177,17703.709867541795,17664.951912367676,17692.87073726387,1697
2025-10-17 13:40:01.073795,17714.41456660772,17728.779160186587,17669.30882377775,17699.665957606605,1146
2025-10-17 13:45:01.073795,17694.52701044567,17710.374574777667,17678.478498636134,17699.087271486773,1401
2025-10-17 13:50:01.073795,17658.06401520916,17687.420247482958,17638.177532338625,17662.495433329423,750
2025-10-17 13:55:01.073795,17674.700297153817,17676.1284406103,17655.88466311101,17660.92135103851,1018
2025-10-17 14:00:01.073795,17643.027214224985,17643.331903752012,17636.98552855052,17637.883217785264,1455
2025-10-17 14:05:01.073795,17646.50477914367,17661.717943187567,17646.50477914367,17649.694823995684,966
2025-10-17 14:10:01.073795,17651.38366016199,17680.07587887423,17634.773694191103,17656.1651711623,826
2025-10-17 14:15:01.073795,17646.21265172403,17674.427558573807,17623.553711206903,17639.57049841387,710
2025-10-17 14:20:01.073795,17630.69845967797,17647.628491029092,17629.53513408307,17630.506106698704,1946
2025-10-17 14:25:01.073795,17595.310180952187,17625.364804117977,17595.310180952187,17611.831636232742,1081
2025-10-17 14:30:01.073795,17619.75195892287,17619.75195892287,17609.90524770315,17610.727742524457,1187
2025-10-17 14:35:01.073795,17614.01543569821,17637.74584637527,17595.815973971858,17627.548493886166,1933
2025-10-17 14:40:01.073795,17613.798243839992,17621.23057634505,17578.882676257752,17610.1725602027,1740
2025-10-17 14:45:01.073795,17635.29844365901,17653.723658413473,17608.886047291784,17619.048906319338,1084
2025-10-17 14:50:01.073795,17611.164623013872,17623.28377422138,17597.71803755929,17609.706271408286,731
2025-10-17 14:55:01.073795,17604.960728224218,17615.2299448292,17576.680615301233,17595.744013721567,1750
2025-10-17 15:00:01.073795,17585.3922783054,17609.35886246469,17583.222316736865,17593.86073490611,791
2025-10-17 15:05:01.073795,17567.570734817604,17577.67321274875,17563.609336194266,17575.646825658583,1949
2025-10-17 15:10:01.073795,17568.74305525512,17585.509413881617,17553.715602353594,17565.91608100253,708
2025-10-17 15:15:01.073795,17544.484686175634,17560.45564195605,17522.89985361469,17544.87425846603,1102
2025-10-17 15:20:01.073795,17583.683905730682,17614.287521514172,17548.394399850185,17579.345113875497,1354
2025-10-17 15:25:01.073795,17576.278074414044,17601.787403079772,17572.886904396688,17579.96502402555,559
2025-10-17 15:30:01.073795,17558.09827181709,17584.372339955047,17548.584527335974,17567.66387406862,1946
2025-10-17 15:35:01.073795,17572.596302369442,17603.38382455457,17546.044832700874,17571.4230012162,1804
2025-10-17 15:40:01.073795,17556.2658542122,17574.040216985326,17541.6715941356,17569.449237540182,1691
2025-10-17 15:45:01.073795,17581.16662560992,17581.16662560992,17534.753736780665,17565.566923378145,723
2025-10-17 15:50:01.073795,17575.771836054835,17592.61941112027,17541.870744616524,17576.355109649867,1795
2025-10-17 15:55:01.073795,17582.133341311473,17610.380519761726,17576.4654762169,17589.669334159953,804
